body id,particle id,x,y,z,r,m
0,0,0.7730508609164647,0.7616708104935485,5.430016726990549,1.2,14.476458947741763
1,0,3.8791850772067393,1.9426355927553371,2.0396251054296872,1.2,14.476458947741763
2,0,2.402626266065952,2.7062762993040903,5.7239682475587,1.2,14.476458947741763
3,0,1.6568669669996947,1.014315048449029,2.0179893146724504,1.2,14.476458947741763
4,0,0.24740045769750266,3.011674007484218,4.809796885586442,1.2,14.476458947741763
5,0,3.337680529819419,1.187438757279618,4.159777664547229,1.2,14.476458947741763
6,0,4.36016857686439,4.116153858098223,2.7480583880921525,1.2,14.476458947741763
7,0,3.259917521960566,4.434103330493016,7.37291055720777,1.2,14.476458947741763
8,0,2.102517046163587,3.705459004876156,3.463080054889121,1.2,14.476458947741763
9,0,2.041719368833707,3.1887660658212886,1.1812078892321698,1.2,14.476458947741763
10,0,1.7981927174837937,4.466905831382755,4.704916679927476,0.3,0.22619467105846505
11,0,1.9577523094778781,1.733375148443098,3.954550820320956,0.3,0.22619467105846505
12,0,2.985440266919428,0.19420052104816893,0.2990728262652913,0.3,0.22619467105846505
13,0,4.2293364838633565,3.777164558285725,6.4455330841298855,0.3,0.22619467105846505
14,0,0.5573780418232841,0.120356384492121,1.5369774347200131,0.3,0.22619467105846505
15,0,1.9861073926808805,0.5391065149473996,4.1369344022440835,0.3,0.22619467105846505
16,0,3.2082111768339145,3.908734974815099,1.7901171762215942,0.3,0.22619467105846505
17,0,3.897976807130438,1.3308877179190064,5.539425668519669,0.3,0.22619467105846505
18,0,1.0351206385507854,2.0979374672355213,7.012937644017214,0.3,0.22619467105846505
19,0,0.9510026595455312,2.715442792733765,6.100467357361129,0.3,0.22619467105846505
20,0,2.7103526760484304,1.5228109529058085,0.29979650986437134,0.3,0.22619467105846505
21,0,3.638961216788462,1.0505804795287972,6.410032300417151,0.3,0.22619467105846505
22,0,3.334630832288182,2.5474972079929556,0.8070974720405417,0.3,0.22619467105846505
23,0,0.050430439921646114,1.4543533498365564,0.2924230001204789,0.3,0.22619467105846505
24,0,4.2578714469686725,1.128882734828486,6.4696233739339934,0.3,0.22619467105846505
25,0,0.5213229362518383,0.9332602040309271,3.001408329029055,0.3,0.22619467105846505
26,0,3.7191048785928187,3.7594892714746115,4.048324443391531,0.3,0.22619467105846505
27,0,3.403288570473067,3.7940300848924458,5.971193697121753,0.3,0.22619467105846505
28,0,3.445611208209937,0.5713533559698213,0.2996212485694799,0.3,0.22619467105846505
29,0,2.7456155524037786,2.5256582746217093,7.172508748612681,0.3,0.22619467105846505
30,0,1.2552905263779115,4.314475285256127,6.965264520122086,0.3,0.22619467105846505
31,0,4.233348413126647,2.6785840432168024,0.29593544925403764,0.3,0.22619467105846505
32,0,0.4823772150109199,0.908530268057346,0.296584416369791,0.3,0.22619467105846505
33,0,3.3794454014208988,3.9093314375470425,5.009397695708526,0.3,0.22619467105846505
34,0,0.47668914189282785,2.2393934468360994,1.06402932181496,0.3,0.22619467105846505
35,0,2.3832033424037666,0.3491966793074164,0.2996948458621994,0.3,0.22619467105846505
36,0,2.692624520130308,4.1336190287322205,6.030586961333963,0.3,0.22619467105846505
37,0,2.301916929315652,0.054190739389933004,6.233608496382573,0.3,0.22619467105846505
38,0,3.098743886870239,0.3914840928605338,1.169010079579099,0.3,0.22619467105846505
39,0,2.8742598259932075,4.421630278725941,0.8170200417251235,0.3,0.22619467105846505
40,0,0.37799554467573504,2.627851519936851,6.2537252592165355,0.3,0.22619467105846505
41,0,3.3605457189633965,1.5683110309297954,5.610012860238412,0.3,0.22619467105846505
42,0,3.877250467518481,2.6535979147312956,5.975383223663017,0.3,0.22619467105846505
43,0,1.240179992422829,2.279288789973539,0.2996988776709277,0.3,0.22619467105846505
44,0,1.3804743221314,4.175093780563402,0.29731789317564067,0.3,0.22619467105846505
45,0,2.0063416532827887,1.1277835055337162,4.746988839729437,0.3,0.22619467105846505
46,0,1.199159070842476,3.028016950025279,6.55838249130708,0.3,0.22619467105846505
47,0,2.1496188063518713,3.979390051430179,6.474448263793544,0.3,0.22619467105846505
48,0,4.274032626368151,3.2699851617382865,0.3006903292959496,0.3,0.22619467105846505
49,0,3.2736784077786005,2.41624593977965,6.909796953180929,0.3,0.22619467105846505
50,0,4.294359692445285,3.8620919830745186,0.2979717009981271,0.3,0.22619467105846505
51,0,1.3873215404700732,1.9071870838333198,3.8966608548662682,0.3,0.22619467105846505
52,0,2.856122965006994,0.7679631442718274,0.29995477910814894,0.3,0.22619467105846505
53,0,1.5960030644698273,2.0518763751728692,6.805462966376325,0.3,0.22619467105846505
54,0,3.9297201966315285,1.4854767964785593,6.1166094318540045,0.3,0.22619467105846505
55,0,2.554071880148303,1.2088398696324636,0.7861674212392217,0.3,0.22619467105846505
56,0,0.27672523086221323,1.459342425920488,3.416735711907565,0.3,0.22619467105846505
57,0,4.44407274486931,1.0654237451278525,3.1136538171106145,0.3,0.22619467105846505
58,0,1.9689136373491272,2.2162750917826686,2.8582355043248646,0.3,0.22619467105846505
59,0,4.009146600764031,4.41343970114467,5.177699403363719,0.3,0.22619467105846505
60,0,0.22440303370155337,3.744954329200564,6.1160824547650465,0.3,0.22619467105846505
61,0,3.7557191166846358,2.0201634208594905,5.9081219205667805,0.3,0.22619467105846505
62,0,1.206333084612172,2.37608914776077,2.82591761638781,0.3,0.22619467105846505
63,0,3.764376533975169,3.608911128102531,0.2990605152326961,0.3,0.22619467105846505
64,0,0.21138712659388373,4.270499070287024,0.2945072321073121,0.3,0.22619467105846505
65,0,0.480091960788916,2.7590983490499252,2.6200534493914924,0.3,0.22619467105846505
66,0,0.3579370067846297,1.501326608228597,6.6655888601898186,0.3,0.22619467105846505
67,0,2.6828628623967616,1.6613095346513236,2.897663680044201,0.3,0.22619467105846505
68,0,0.8576510635102542,3.3461466260028137,2.0146710461908963,0.3,0.22619467105846505
69,0,0.7612413888635408,0.3765534593248728,0.2992102563540758,0.3,0.22619467105846505
70,0,0.35665663897969363,4.3702950956837086,6.561962782190038,0.3,0.22619467105846505
71,0,3.151013578753146,0.9483668739386064,0.8204634419077917,0.3,0.22619467105846505
72,0,4.180305422039467,2.083538153180938,0.29762634750349626,0.3,0.22619467105846505
73,0,0.2468199140153285,2.5516436347672875,6.833933135254863,0.3,0.22619467105846505
74,0,0.9283173541382828,1.4016689300399001,0.7865112414275308,0.3,0.22619467105846505
75,0,3.2944856847290573,1.5510319354949413,0.7521356861572033,0.3,0.22619467105846505
76,0,3.059654580461824,4.375318819481648,4.816985358089943,0.3,0.22619467105846505
77,0,1.7682905801794178,2.0143895828525835,0.29873395872732805,0.3,0.22619467105846505
78,0,0.6074735928249626,2.3177078917185012,3.534745925904736,0.3,0.22619467105846505
79,0,0.2763979609887152,0.14708345179684207,7.08784147717593,0.3,0.22619467105846505
80,0,3.1640142812263137,2.754039012396807,0.2952081745555765,0.3,0.22619467105846505
81,0,1.7094003409973462,0.5929642210510776,6.589318065687884,0.3,0.22619467105846505
82,0,3.093259552655057,0.8068675917274345,5.586343134597999,0.3,0.22619467105846505
83,0,4.037541601331633,0.3594508724196564,6.169094325538586,0.3,0.22619467105846505
84,0,3.4133475847240757,0.0017313664956922162,5.2837854687341235,0.3,0.22619467105846505
85,0,3.417891073384744,4.23458101743283,3.889748163322342,0.3,0.22619467105846505
86,0,1.5369771300970574,1.6584015234470515,6.356985893714305,0.3,0.22619467105846505
87,0,4.320902806466505,4.427448380579047,0.7139596564175905,0.3,0.22619467105846505
88,0,1.6369997758160937,2.4573574340294337,2.4212810218409384,0.3,0.22619467105846505
89,0,3.5916861032806824,3.7105286938521327,1.3513113157309447,0.3,0.22619467105846505
90,0,4.372520790513255,4.350830955288218,6.2099239016013685,0.3,0.22619467105846505
91,0,4.024223327450941,0.41756706247111,0.2997748604911117,0.3,0.22619467105846505
92,0,0.31250714142760794,1.3031845606010122,0.8015607128413913,0.3,0.22619467105846505
93,0,3.0837188556813637,2.365697781780007,3.238172079360254,0.3,0.22619467105846505
94,0,0.16704647945355944,0.36147347748753694,0.2974967673482399,0.3,0.22619467105846505
95,0,0.5987433289516316,2.8089956936986313,2.038384599542887,0.3,0.22619467105846505
96,0,2.667938947118588,4.201690051222543,0.2979977569771467,0.3,0.22619467105846505
97,0,3.084413654878858,1.8077852118590958,6.7125380219782365,0.3,0.22619467105846505
98,0,3.363353279247023,1.659943092488778,6.202835130996823,0.3,0.22619467105846505
99,0,0.6815394116832593,2.6110468955900057,1.4820615016994474,0.3,0.22619467105846505
100,0,3.2946452434367313,3.0650360055699517,2.8316880684595236,0.3,0.22619467105846505
101,0,1.6274667466950568,1.2090122646509454,0.29943085602921293,0.3,0.22619467105846505
102,0,3.345107840518068,0.6766942811478155,2.6073702079860643,0.3,0.22619467105846505
103,0,3.0445934275111823,4.492487351147312,1.7844869980596143,0.3,0.22619467105846505
104,0,3.1746071722698037,1.9234073717901212,0.2981248891829525,0.3,0.22619467105846505
105,0,2.3127455538069297,0.1259753576957992,0.8510812842312883,0.3,0.22619467105846505
106,0,0.2061849482529218,0.7232002829455147,1.815905404007123,0.3,0.22619467105846505
107,0,1.3960515665310407,4.090077235618292,6.12580251477585,0.3,0.22619467105846505
108,0,0.4372327956248772,4.425749255938286,0.8111738007863344,0.3,0.22619467105846505
109,0,2.5028403745513668,4.215682981108306,4.947210489314347,0.3,0.22619467105846505
110,0,3.48030893641067,3.11469938023677,3.433777035643284,0.3,0.22619467105846505
111,0,1.2794948124377565,3.695433008554197,5.692119017288162,0.3,0.22619467105846505
112,0,4.147427658076534,1.615761239844484,0.6532897920106296,0.3,0.22619467105846505
113,0,0.7513868897618131,4.133272331571614,3.954178094716741,0.3,0.22619467105846505
114,0,3.9893187105871633,1.1891226915919524,7.00189632861676,0.3,0.22619467105846505
115,0,3.2480366573690604,4.0674844022278505,0.29927579503368207,0.3,0.22619467105846505
116,0,3.2472035766424994,3.989516440007418,4.399857416256137,0.3,0.22619467105846505
117,0,2.158514233094452,0.26859647158976546,5.697506169591938,0.3,0.22619467105846505
118,0,1.2066170174420774,3.7170958263884564,6.99126486652439,0.3,0.22619467105846505
119,0,0.5301902169788929,2.2402875005530887,2.9496531940386426,0.3,0.22619467105846505
120,0,4.475272683752401,0.42718607108473544,6.6514561988201,0.3,0.22619467105846505
121,0,3.9877230771762786,4.186728719128404,1.2949284448211653,0.3,0.22619467105846505
122,0,1.6446256063350049,3.127948387748484,6.9471869277822424,0.3,0.22619467105846505
123,0,1.06223770565933,1.1104111652281536,6.859451998830547,0.3,0.22619467105846505
124,0,2.338593258938636,2.466472732721754,2.4584833255968452,0.3,0.22619467105846505
125,0,1.715267126221843,0.044479310443572936,6.347204159033953,0.3,0.22619467105846505
126,0,3.541859143885442,0.051327587712696826,1.4567352077546414,0.3,0.22619467105846505
127,0,2.2113700617850878,1.6322358119334937,3.26662338507102,0.3,0.22619467105846505
128,0,4.06460403036367,2.560719966429656,6.975386716143476,0.3,0.22619467105846505
129,0,1.3438885945700796,2.5032166187492226,3.9298603743936336,0.3,0.22619467105846505
130,0,2.5413973332797504,4.304035597761621,2.049454769160988,0.3,0.22619467105846505
131,0,4.333614932249613,0.6997642095216708,1.3493391669235886,0.3,0.22619467105846505
132,0,0.6822689841019386,2.734112965595752,0.7875515500978174,0.3,0.22619467105846505
133,0,1.7287688296546058,0.2071497556997179,0.755777501854104,0.3,0.22619467105846505
134,0,4.388868319050857,0.8863809808297038,0.29937417213319495,0.3,0.22619467105846505
135,0,3.9051882819812946,2.7122453344813366,0.7730907054641865,0.3,0.22619467105846505
136,0,0.008727198426618671,3.476358138927873,1.1159537153641748,0.3,0.22619467105846505
137,0,3.9323889607100964,0.2359728590157882,1.0465313722045129,0.3,0.22619467105846505
138,0,1.2175318650649554,1.6657956556722646,0.2987485920974498,0.3,0.22619467105846505
139,0,1.9590009629481684,4.151348981774734,5.933471592283111,0.3,0.22619467105846505
140,0,2.968989532414976,2.073066733300506,0.8303189045620828,0.3,0.22619467105846505
141,0,1.0950702838137687,4.104773338526536,1.897559503209627,0.3,0.22619467105846505
142,0,2.0665003828059465,1.3777174454332968,6.333459989395089,0.3,0.22619467105846505
143,0,3.8624638028056975,0.5040793902213982,1.6569751735459601,0.3,0.22619467105846505
144,0,1.9732964145389638,4.4018568161130895,0.2998826044966122,0.3,0.22619467105846505
145,0,1.7937760048339957,3.703724907605771,6.869801828761103,0.3,0.22619467105846505
146,0,2.734787736460196,0.1963051399355098,5.8466793247840805,0.3,0.22619467105846505
147,0,4.2294837867157185,1.8294357154075682,5.572918577713313,0.3,0.22619467105846505
148,0,2.2979303531011332,0.9698840987253179,0.2997063508512541,0.3,0.22619467105846505
149,0,1.040440396722426,2.0807030223613516,1.1758676693811316,0.3,0.22619467105846505
150,0,0.2458591214746753,0.9337339729515152,6.8232091524151395,0.3,0.22619467105846505
151,0,0.8205638004571477,1.7673606884914086,3.6242406903955575,0.3,0.22619467105846505
152,0,0.5869500271852223,1.6674457167031587,1.1970875006064225,0.3,0.22619467105846505
153,0,0.8085296236792863,0.1848048214874152,6.813447449139938,0.3,0.22619467105846505
154,0,4.349801773493917,1.6639141772492072,6.938813013353723,0.3,0.22619467105846505
155,0,3.293972864640142,3.0154451326665095,6.889007451336649,0.3,0.22619467105846505
156,0,3.8089281639217654,0.44347568790247893,5.372717948241268,0.3,0.22619467105846505
157,0,0.6715601972618611,2.441237821819329,0.2950209460701925,0.3,0.22619467105846505
158,0,2.3891959782457843,4.2433684535864575,5.529253842017206,0.3,0.22619467105846505
159,0,1.2124747858714788,4.4111896464883875,0.8154649129019884,0.3,0.22619467105846505
160,0,0.17036055605511133,3.052392631663848,7.155174860310399,0.3,0.22619467105846505
161,0,0.46006237955475743,3.2192208007442655,6.278747269848366,0.3,0.22619467105846505
162,0,0.8007729907214154,4.279529621232132,0.29970445956202224,0.3,0.22619467105846505
163,0,1.4074307201155012,3.575234073392015,6.429941485808004,0.3,0.22619467105846505
164,0,2.980000155580348,0.35104399547597287,2.2604450319026363,0.3,0.22619467105846505
165,0,4.398558475329096,0.5121417890736293,0.7946435027559399,0.3,0.22619467105846505
166,0,0.6224764218333267,3.3983242805111304,0.7710854228106129,0.3,0.22619467105846505
167,0,4.2346656602091945,2.4910202557440555,3.3893251342264015,0.3,0.22619467105846505
168,0,3.2225915654148185,4.348141056301111,5.833190005537108,0.3,0.22619467105846505
169,0,0.6350658560804174,1.52653249925483,0.29711331559573406,0.3,0.22619467105846505
170,0,0.9268655311297554,3.6715888065148277,0.29954440484259476,0.3,0.22619467105846505
171,0,0.5593964393842006,3.701705325619219,1.2843708413805988,0.3,0.22619467105846505
172,0,0.18550575341809325,0.8081455338921888,3.59826902093949,0.3,0.22619467105846505
173,0,0.30771873082350465,3.5519320165883266,0.2951477179793151,0.3,0.22619467105846505
174,0,1.9093506591307168,2.3263099411094146,4.016166490200807,0.3,0.22619467105846505
175,0,3.187648994798258,4.136626387241758,1.2361180075369493,0.3,0.22619467105846505
176,0,3.904687991354703,4.004966174008905,0.7295655480417471,0.3,0.22619467105846505
177,0,1.124169383370387,0.6521194119916897,0.6812117529303485,0.3,0.22619467105846505
178,0,1.9004105013293435,2.1131160975826577,3.4446887749503277,0.3,0.22619467105846505
179,0,4.004580911597833,3.4252486591544455,0.8123196618079691,0.3,0.22619467105846505
180,0,2.5561975806793154,1.5319414103720599,6.643820232769318,0.3,0.22619467105846505
181,0,0.015422231341354444,2.357548718139774,0.7092145382175403,0.3,0.22619467105846505
182,0,1.950149669496298,0.6952778441105736,3.4524216912576966,0.3,0.22619467105846505
183,0,0.7932341901030691,3.872279604638436,5.988982849098109,0.3,0.22619467105846505
184,0,2.6359443839262497,0.05520668959748877,1.3506000204217543,0.3,0.22619467105846505
185,0,3.079648256770018,1.2372283971999685,6.519748188927728,0.3,0.22619467105846505
186,0,1.0126777869519032,3.3101160730161636,6.063667725496383,0.3,0.22619467105846505
187,0,1.109543936534786,0.3014109345364423,3.2159838295186263,0.3,0.22619467105846505
188,0,1.3152842996213385,2.2357971442398177,3.3974254238243957,0.3,0.22619467105846505
189,0,2.70576253605638,1.2574742380679522,5.514150871018224,0.3,0.22619467105846505
190,0,0.8070454208501335,2.17963725972976,2.424304166856407,0.3,0.22619467105846505
191,0,0.07038017699714744,3.191493170731255,1.6247271033948214,0.3,0.22619467105846505
192,0,2.4820343625821093,0.940418384846408,6.579143759854442,0.3,0.22619467105846505
193,0,3.4173556934263525,3.241953843771651,4.0161878612779045,0.3,0.22619467105846505
194,0,0.6338010190344051,4.034573798191023,6.974667881194878,0.3,0.22619467105846505
195,0,0.9253931670763971,4.201504052522334,6.478093047684874,0.3,0.22619467105846505
196,0,0.9780326439749214,2.9259096359653194,2.8807631388786517,0.3,0.22619467105846505
197,0,0.8508540448689211,2.553091126501351,6.668746683003429,0.3,0.22619467105846505
198,0,3.085827907493581,0.7261575887855288,1.6658891029910128,0.3,0.22619467105846505
199,0,3.3969950273142686,2.6282761478506145,4.393081985266561,0.3,0.22619467105846505
200,0,4.279183033876871,4.160650056230685,5.649403228239964,0.3,0.22619467105846505
201,0,3.93564149122292,3.111127878848241,7.173014128966393,0.3,0.22619467105846505
202,0,4.441754278786861,2.9733914861790183,0.797821012745012,0.3,0.22619467105846505
203,0,3.4203764873831126,0.15037490005616158,0.7250438667385806,0.3,0.22619467105846505
204,0,2.644254609984013,1.2752718981585605,6.10934758837166,0.3,0.22619467105846505
205,0,2.8400299526333384,3.7624162608390317,4.765367858914427,0.3,0.22619467105846505
206,0,2.600907456678695,2.1121606852693993,0.2998461480058772,0.3,0.22619467105846505
207,0,3.735134202031112,2.819273258362783,6.533486834931965,0.3,0.22619467105846505
208,0,3.712663058953373,0.7391962435503716,0.8091739886597168,0.3,0.22619467105846505
209,0,3.802350958487298,1.655993910867604,6.677186732029587,0.3,0.22619467105846505
210,0,2.1590816777175603,1.228046300692494,5.760747902537269,0.3,0.22619467105846505
211,0,1.048699074314805,1.0914091351380115,0.297248258760411,0.3,0.22619467105846505
212,0,0.8179174106221374,0.29344273776767116,1.0401611144129428,0.3,0.22619467105846505
213,0,3.306094983377762,3.393463099177088,4.727535056930098,0.3,0.22619467105846505
214,0,1.6369248483466938,1.1776895899684594,6.7011814363688655,0.3,0.22619467105846505
215,0,0.9912263407288932,1.867639041939782,3.0556165576731793,0.3,0.22619467105846505
216,0,2.958549519289018,0.7677376486665343,6.166607985727213,0.3,0.22619467105846505
217,0,1.4656175391819477,1.657811203525527,3.357046355594431,0.3,0.22619467105846505
218,0,0.11823311917867896,2.032418856442021,3.3398331647673376,0.3,0.22619467105846505
219,0,1.023851416242611,2.3640833103792014,1.90070666155168,0.3,0.22619467105846505
220,0,3.636810279560323,2.537785337065223,3.3935620405357154,0.3,0.22619467105846505
221,0,3.493805160845621,3.1286569341814654,0.8587764658200031,0.3,0.22619467105846505
222,0,1.1798121617343993,2.140389729160466,6.382209987385388,0.3,0.22619467105846505
223,0,3.681411252169361,1.6183943200801891,0.2975999358967923,0.3,0.22619467105846505
224,0,0.9135769715310738,1.2801676020698844,3.2908310898165913,0.3,0.22619467105846505
225,0,3.6969240292360173,2.0697414679096457,5.315144812856482,0.3,0.22619467105846505
226,0,4.014449426461254,3.289945009073955,1.3974306832949674,0.3,0.22619467105846505
227,0,1.6230228260568906,1.0116770129482937,4.076317068897616,0.3,0.22619467105846505
228,0,2.2730027426348802,0.943487924730708,5.2476647790521955,0.3,0.22619467105846505
229,0,0.6705917672446677,3.110018480817541,6.8293810456708774,0.3,0.22619467105846505
230,0,2.311120291543775,1.7568333889853187,0.7909295951862634,0.3,0.22619467105846505
231,0,0.28333008580596963,1.8361061418200844,3.881575344687979,0.3,0.22619467105846505
232,0,2.941880925228015,4.063656584536876,5.386597696328379,0.3,0.22619467105846505
233,0,0.2492271793564636,3.653677477564132,6.716220736317679,0.3,0.22619467105846505
234,0,3.6955498399951408,4.018338604451988,5.4986510320560305,0.3,0.22619467105846505
235,0,3.6134449563013074,2.3324729607151773,0.29988783889637544,0.3,0.22619467105846505
236,0,0.814835013792365,3.9638159642618533,0.8093354955293974,0.3,0.22619467105846505
237,0,0.7677543860994513,0.7055883593440007,3.497553931141353,0.3,0.22619467105846505
238,0,0.181425250341833,3.897676187377016,0.7465206292860175,0.3,0.22619467105846505
239,0,0.8228271431240124,1.9765500804937892,0.6331356394785662,0.3,0.22619467105846505
240,0,1.3476084937576882,0.2633159327444654,0.2979031246349345,0.3,0.22619467105846505
241,0,4.311760419395713,2.6814572492641826,6.442283872231258,0.3,0.22619467105846505
242,0,2.080743580451029,0.7880121991898553,6.160888881313772,0.3,0.22619467105846505
243,0,0.8179072495795358,1.6265049128911468,4.206170627750022,0.3,0.22619467105846505
244,0,0.23950861604727233,2.727086999471406,3.1680081798896715,0.3,0.22619467105846505
245,0,3.5919578469432762,2.174192840834012,6.463224926202432,0.3,0.22619467105846505
246,0,3.945123871099472,4.316041810177539,4.167652297991502,0.3,0.22619467105846505
247,0,0.3319563323131345,1.038945850954262,1.3319020524391862,0.3,0.22619467105846505
248,0,0.8905096216344991,0.18122329096277098,3.759665497310698,0.3,0.22619467105846505
249,0,0.9981086410636391,2.1917483195015466,5.813384433831121,0.3,0.22619467105846505
250,0,0.8213132286862421,3.6155136106126764,6.5433689811195315,0.3,0.22619467105846505
251,0,2.988357094100168,3.0197846817587237,4.400523714595656,0.3,0.22619467105846505
252,0,3.990904996452405,3.6972074619740942,5.904963317701786,0.3,0.22619467105846505
253,0,0.9379372386163201,1.6493043060562307,6.6269985958098765,0.3,0.22619467105846505
254,0,4.305785053435765,3.2502301298817486,6.722141725458097,0.3,0.22619467105846505
255,0,0.9599113921577461,4.228623232173979,1.3271002451037932,0.3,0.22619467105846505
256,0,0.2731308218037876,2.003902178567293,0.2997443325671753,0.3,0.22619467105846505
257,0,0.3840582840851481,2.0937168094711165,5.986543321111094,0.3,0.22619467105846505
258,0,2.7531066179368584,0.4089810568422289,5.292251243737847,0.3,0.22619467105846505
259,0,2.6503853403690787,0.6200114011004686,0.8431444888890829,0.3,0.22619467105846505
260,0,1.3823250153542144,3.9215213132576165,5.149837866004452,0.3,0.22619467105846505
261,0,2.1146404900435485,1.5376305338391774,0.29635368388932526,0.3,0.22619467105846505
262,0,3.5873467688215164,3.37326433298164,6.356824347091795,0.3,0.22619467105846505
263,0,3.168582976059796,2.686926716270215,3.7372736652618674,0.3,0.22619467105846505
264,0,3.7505536683618317,4.389399478100139,0.29939126853782416,0.3,0.22619467105846505
265,0,1.8587596335627454,1.2700315465102883,3.5890583100080917,0.3,0.22619467105846505
266,0,4.304275495057038,2.2368082812682726,6.015028401550812,0.3,0.22619467105846505
267,0,4.211319412480305,0.06723145793038998,4.637397355129367,0.3,0.22619467105846505
268,0,0.5018929920846885,2.0755308849491008,6.573456772339196,0.3,0.22619467105846505
269,0,1.4036342822188335,0.45741135274849043,3.9017787960496753,0.3,0.22619467105846505
270,0,4.465993808185193,1.7129613386937972,6.2582472217496425,0.3,0.22619467105846505
271,0,4.174677738683002,2.117429446042291,6.58841580776929,0.3,0.22619467105846505
272,0,3.7027649109810588,3.0148592884907472,0.2996195055238586,0.3,0.22619467105846505
273,0,3.2253329077262545,1.2242055474213678,0.29392184874117344,0.3,0.22619467105846505
274,0,4.2117725202692275,1.0675638606683417,0.8598610233700922,0.3,0.22619467105846505
275,0,0.39802571704369594,3.0357949348587745,1.1811867751036718,0.3,0.22619467105846505
276,0,0.270310246739075,1.3622481250828387,7.242193444811013,0.3,0.22619467105846505
277,0,2.1834586051439584,0.3695266454772343,5.110276034817792,0.3,0.22619467105846505
278,0,3.3665972666465374,3.763066609850229,0.7988742121258608,0.3,0.22619467105846505
279,0,2.5640426130776803,2.244366490447965,2.965897050130519,0.3,0.22619467105846505
280,0,0.8440377555878348,3.0788425091044527,0.29893962412495156,0.3,0.22619467105846505
281,0,0.06958723826860987,4.047855894721806,1.289807604397104,0.3,0.22619467105846505
282,0,0.2698228418637463,2.9337583687019553,0.2995273577000521,0.3,0.22619467105846505
283,0,2.638002779120615,1.828642071360303,1.2596857829302923,0.3,0.22619467105846505
284,0,0.046142699169440894,0.13921003328825868,1.2302802603779683,0.3,0.22619467105846505
285,0,0.6190867118067086,1.1850741729812058,3.8250744462593875,0.3,0.22619467105846505
286,0,3.813125040029126,1.0396886431721066,0.3014487533945165,0.3,0.22619467105846505
287,0,1.1972222995501196,1.344499275900963,3.8180615040045742,0.3,0.22619467105846505
288,0,1.1346500896189418,2.7910143109063874,2.3072420075461357,0.3,0.22619467105846505
289,0,1.4576301483665037,1.864537247610915,0.8042066450504906,0.3,0.22619467105846505
290,0,2.472151287621129,2.2549079144568376,3.558185882032427,0.3,0.22619467105846505
291,0,0.8787347650695692,2.8444774308796883,3.4634970236200124,0.3,0.22619467105846505
292,0,0.5404716744006028,1.517417936429214,2.882182320250396,0.3,0.22619467105846505
293,0,3.4054677789067105,3.342453809762058,1.7863433588986102,0.3,0.22619467105846505
294,0,1.9560906718188025,4.068164688065248,5.121963961585493,0.3,0.22619467105846505
295,0,1.3425886768305508,0.8747564465786996,3.476184868878073,0.3,0.22619467105846505
296,0,1.8027444967317854,0.640921913391775,0.3155208547796344,0.3,0.22619467105846505
297,0,1.6096213259942542,4.016902077893926,7.346898599470518,0.3,0.22619467105846505
298,0,2.9199413368436993,1.0410762669827416,2.756380227766402,0.3,0.22619467105846505
299,0,2.348517124518681,0.15763076813402294,4.580787532216262,0.3,0.22619467105846505
300,0,3.8165768748568745,4.335176896077758,5.98748532148259,0.3,0.22619467105846505
301,0,2.520916345824946,0.745875849783332,5.757822387372985,0.3,0.22619467105846505
302,0,2.5228258463216,1.9861769202796073,7.0338356677739675,0.3,0.22619467105846505
303,0,3.664934508566392,4.326891256314815,4.694150338046823,0.3,0.22619467105846505
304,0,4.11626298776925,3.1712303442556937,6.159543539548904,0.3,0.22619467105846505
305,0,3.448438302056525,0.40225786512197864,5.84986909440205,0.3,0.22619467105846505
306,0,3.1950233801736063,3.4724628347666058,0.2975264889433606,0.3,0.22619467105846505
307,0,3.846535671233261,0.8484828872259691,5.885278927534078,0.3,0.22619467105846505
308,0,1.8488711745840456,4.311371767990467,6.882370381069378,0.3,0.22619467105846505
309,0,0.4601108348530999,0.7239342889190248,0.8508502970178959,0.3,0.22619467105846505
