t,ke,px,py,pz,pnorm,lx,ly,lz,lnorm
0.10000000000000081,6454.8433028000945,2.7711166694643907e-13,2.2737367544323206e-13,-296.4082473568662,296.4082473568662,-1331.1438978103627,1439.4281842386144,785.7303942302592,2112.1718269770286
0.20000000000000367,6357.620472042985,2.9108659926890823e-13,3.9707126475718724e-13,-596.5545776339632,596.5545776339632,-1476.6188061451294,2649.621614562242,958.4673694404078,3181.1251935909254
0.2999999999999996,6537.902109103649,1.2854994846378531e-13,2.0367041386748497e-13,-894.1105566486328,894.1105566486328,-2649.0562522460746,3844.6734731087217,956.8624569318363,4765.983519052025
0.3999999999999886,7558.5325184785615,1.8322843242657427e-13,1.5482060078397808e-13,-1191.1624182257071,1191.1624182257071,-3817.2880283516915,5035.542496828614,955.703001705033,6390.754599906972
0.4999999999999776,8873.874034313989,1.9033385978417527e-13,1.5437651157412802e-13,-1489.66080019859,1489.66080019859,-4994.28957103701,6839.928021579582,604.5159696485715,8490.75869503537
0.5999999999999666,10325.47432845336,3.0142555118573e-13,-2.6835478283970815e-13,-1787.7035732136821,1787.7035732136821,-6168.513836771054,7166.937422989463,-139.5609178245473,9457.009687489319
0.6999999999999555,11877.354332158977,3.2307490016592055e-13,-2.801231469007348e-13,-1967.0053700765866,1967.0053700765866,-6923.138352245385,7916.043569265675,-129.0179310829943,10517.140108479316
0.7999999999999445,13981.275842161152,3.8968828164342995e-13,-3.560624017850955e-13,-2260.0231805599283,2260.0231805599283,-8063.238996887308,9368.516625865575,-356.28482032013363,12365.753748285402
0.8999999999999335,16353.315101459837,3.1230573682705653e-13,-4.0091541197995184e-13,-2558.0468947010672,2558.0468947010672,-9886.438499087584,10667.339410238123,-369.59231842810556,14548.89668570444
0.9999999999999225,18547.649402058763,3.3584246494910985e-13,-2.761818551633155e-13,-2684.3829402495176,2684.3829402495176,-10494.445164994746,10096.329016556245,-370.0156938975863,14567.297297212262
1.0999999999999115,20833.69086814094,3.5005331966431186e-13,-3.117089919513205e-13,-2982.2969000960484,2982.2969000960484,-10394.350236706745,10624.597365772366,-185.9243367395365,14864.694880390069
1.1999999999999005,23586.166241815772,3.2163161023390785e-13,-3.117089919513205e-13,-3071.8069580567517,3071.8069580567517,-8313.061534457844,11492.742443237445,-382.1027403073117,14189.296087065924
1.2999999999998895,26423.59987963849,32.16603125944153,6.68657636459508,-3205.4863148169366,3205.6546723484,-9606.791769160913,14891.715265459221,122.70706366672428,17721.983203552663
1.3999999999998785,28906.053336973528,31.847137193360414,6.7256759645755615,-3502.930107204917,3503.081330889599,-12126.213475686109,16175.788685604151,403.018135053839,20220.376269407374
1.4999999999998674,32251.089928754183,10.853102159771993,8.179488995844407,-3740.9254342009863,3740.9501197046934,-12909.594540339052,17111.3615970137,588.9604204147774,21443.02220482277
1.5999999999998564,35295.10277313973,28.468654618223603,26.852124325840435,-3762.4994749235175,3762.7029911589257,-12712.925008283677,17214.631119993875,655.7323010141131,21410.090418171974
1.6999999999998454,38630.47380307853,55.43727337082338,37.29944649000717,-3851.5333173574422,3852.1128533185106,-13446.40019449436,16474.577535802513,552.3010963484804,21272.57435466367
1.7999999999998344,40423.73440395718,9.610434911143749,36.90111663782521,-3776.2253798948536,3776.417902275956,-13424.102882364823,16617.14225036971,828.304245987101,21378.073876971655
1.8999999999998234,42670.1881971823,-24.661564766637127,20.80965786467695,-3738.800474090829,3738.93971865006,-13004.88654971602,14398.90336599824,873.1796244506504,19422.09913914806
1.9999999999998124,45574.344752719924,-19.915023445255798,2.0361141185676574,-3792.36862984657,3792.4214663673497,-10542.11801211974,15269.796111951493,508.823312388971,18562.376643233452
2.0999999999998016,47675.16434262152,9.307517338050264,38.028797499493386,-3891.358122500779,3891.555069232741,-11366.41617643307,15384.94499427543,673.0648954190623,19140.140164748154
2.1999999999997906,50801.7985094067,46.38112309799847,13.620828640408988,-3929.43344168035,3929.7307678960096,-11023.340834960125,15718.491737447352,394.57662702010333,19202.622643235234
2.2999999999997796,54277.79827973437,36.781112115643474,17.390669235758548,-4200.567472129682,4200.764498695312,-12077.033152904976,16638.250216145196,406.51277350973754,20563.349743328497
2.3999999999997685,58227.629985637104,-0.4638492949007862,25.987167575494247,-4346.97006185015,4347.047764478355,-12679.243768539218,16817.03012655299,577.8512198032435,21069.163173976787
2.4999999999997575,62280.21867777615,12.430209882971907,-2.664407355859021,-4486.161396376408,4486.179408307498,-15002.38117169326,17256.37578038096,167.29346513234879,22866.611751590375
2.5999999999997465,66749.18243276514,9.641442350027788,-2.049033088801842,-4784.828598138787,4784.838750628278,-16237.673340716947,16471.562240991632,171.84812611194718,23130.151965716508
2.6999999999997355,71252.7617766691,16.988247226863237,3.205519437422125,-4993.890985018406,4993.9209090800405,-16998.04007842097,17980.923318298985,76.16867800037734,24743.742068524356
2.7999999999997245,76226.52807102416,14.285194518799162,4.521704800121864,-5292.058452901771,5292.079665077409,-14338.066497353428,18859.41170387641,-759.9860750622453,23703.061817687765
2.8999999999997135,81328.65657638693,20.749084340133304,-1.6447212310471389,-5503.169249073275,5503.208610761053,-12462.181162681969,23015.165361128322,-204.16293025913882,26173.37346300011
2.9999999999997025,86625.97857515288,26.13655803444312,-6.522868708062237,-5694.75570320194,5694.8194165077,-13052.105494612755,23758.86200342671,-243.63715515494997,27109.045365039063
3.0999999999996914,91999.7973774092,18.9601151614878,-14.75607635470651,-5811.298590914477,5811.348254968111,-13751.912825260843,26451.209602322913,-404.2849346478618,29815.181402902395
3.1999999999996804,97356.45489454258,29.577977763125755,-30.305867195538415,-5913.406639751612,5913.558268032325,-14083.200869069615,24684.766364758892,-365.30604602744916,28421.95780921081
3.2999999999996694,102976.27054122536,28.351033739960183,-31.746019296355108,-6198.375313558158,6198.521446166213,-17870.333951698412,25827.85669893325,-95.62602114655749,31407.581274937053
3.3999999999996584,108688.93213278729,23.022706775857692,-32.659372962663554,-6338.308219085202,6338.434172553394,-18546.696054793767,25935.79073323295,123.4006622754069,31885.112564179613
3.4999999999996474,114548.99153117198,20.43636462192078,-41.40308722789178,-6559.719204216853,6559.881698537127,-17180.89902834977,28968.66604058104,127.76941259480023,33680.60612007833
3.5999999999996364,120119.04673833717,-2.1722347352801785,-28.998655617081496,-6597.6348051390005,6597.698891478216,-16531.620087367606,29102.573458219995,296.31672082533845,33471.510993727
3.6999999999996254,126205.52008818842,1.6835641535691113,-32.16968020812716,-6786.922422067163,6786.998871804161,-17383.881977935456,30028.352513754253,368.06687206718544,34699.2331404513
3.7999999999996144,132105.72967456377,11.840469644795236,-19.11672307266412,-6894.560049788936,6894.596719603553,-17081.142061084774,24367.227978098665,302.38289075554616,29759.34557177317
3.8999999999996033,138495.5937493462,16.09933711913113,-8.20163915486086,-7035.680710836367,7035.703910794956,-20169.617957615905,25185.43020830111,446.7986790996232,32269.47493209385
3.9999999999995923,144779.84204194523,24.199543823548588,6.505712296185367,-7118.973357699055,7119.017460987345,-23605.774482988923,25578.81067185235,369.2428727250254,34808.68404044107
4.099999999999803,151050.08928281927,39.5732859191853,12.359099716993441,-7246.697456381194,7246.816046832286,-24442.808659354054,25965.77145533964,396.000589934354,35662.71160324117
4.200000000000014,157382.13018433884,48.967730967019975,2.895342059427633,-7381.846720105409,7382.009700671809,-24942.100182419694,22589.591379605346,-376.61198191408425,33653.22921789709
4.300000000000225,163983.588200669,53.47316012181715,-0.5262119113714843,-7546.978595835136,7547.1680504508495,-25618.993547859896,22983.951385911794,-371.7266070333626,34419.951080523344
4.4000000000004365,170812.1013745806,47.76232657296972,4.41328106730089,-7728.950328023359,7729.099164193834,-21709.11606867545,23442.839371338734,-720.1855575003108,31958.897126009277
4.5000000000006475,177703.76949044585,42.76358546234656,13.142151525786106,-7890.817980330607,7890.9448001552455,-22040.30432404227,23996.669712301118,-627.8881468667905,32588.485934492906
4.6000000000008585,184609.11547561837,36.84988338918967,25.34288160482881,-8057.149847049671,8057.273970355382,-22643.33928244635,32868.26730669215,-193.17870093003467,39913.4203948326
4.7000000000010695,191529.24096339033,35.523283805224246,27.524683512740875,-8122.634691540835,8122.759004434236,-22847.06218893421,28948.659993011945,-169.01346855705103,36878.74362839102
4.800000000001281,198433.53449353034,24.79567775520267,29.04281128657358,-8210.359763393446,8210.448572086232,-18783.953926130547,29274.850498713065,51.96643380908433,34782.9914948562
4.900000000001492,205500.36698919508,14.478778390982878,24.445532690052598,-8362.084070973258,8362.132337455374,-19464.278796384457,29847.546624536822,172.34737311918073,35633.7465358935
5.000000000001703,212856.81548532977,7.941626809526326,21.55381297560535,-8521.059014533887,8521.089975200319,-23760.894137187013,34109.64702762822,-194.5854824789647,41570.253475989135
5.100000000001914,220045.66765320435,14.192955350729424,17.430960053904247,-8607.846474166548,8607.875823986513,-23967.369188007597,34502.65657286955,-251.23908222689377,42011.08445941467
5.200000000002125,227455.1855844578,12.536849139985229,13.827171837759185,-8757.260654388405,8757.280544333762,-24523.738112206935,39584.89928837956,-612.9038883300318,46569.87904046556
5.300000000002336,234624.15406593078,13.976089842125324,7.185823098856447,-8843.932300116468,8843.946262624182,-29224.20623792426,40112.74872723155,-322.55533487548826,49630.54384786453
5.400000000002547,241961.7876292103,10.282911521946449,5.831623398514159,-8981.98039953044,8981.988178774776,-29688.445564088197,40837.58198652081,-303.73464381861453,50489.64405946523
5.500000000002758,248889.53199784382,10.001611166801885,4.424165961685055,-9081.464765901601,9081.47135104123,-30123.56261837729,41410.55514418358,-309.70494402751655,51208.97401164294
5.600000000002969,235727.41273669284,53.60997241354292,4.001632457020768,-7982.808160240108,7982.989174826717,-23560.072431208173,38072.34557135706,-536.156563376772,44775.752077760335
5.70000000000318,241543.58100165063,57.12609468044432,9.947658634852333,-8085.475321531267,8085.68324396256,-19068.504507940725,29124.05146167807,335.65156416372974,34812.79792955967
5.800000000003391,247588.44955351896,53.07829860568541,1.782021685770625,-8221.94812734556,8222.119647034171,-20095.81293256481,33745.91482659547,137.0728448108346,39276.54839556628
5.900000000003602,253410.5625501164,54.76975815228479,-0.17535344973978487,-8329.880487348046,8330.060545437747,-20648.157805359708,34322.23761884381,-248.5113877811317,40055.263996499525
6.000000000003813,258724.8340608303,56.68105426182135,0.6143852618289721,-8498.553555709039,8498.742592797844,-21246.81104263284,34852.61895393019,-218.27293626313997,40818.86415009491
6.100000000004024,264407.20818817016,43.48729496549175,-2.7735161509480917,-8578.628490337578,8578.739162164033,-21401.415144286413,34956.476751409995,-152.67676469816004,40987.79266128438
6.200000000004235,269369.7168090981,56.67708188126109,5.318236122911518,-8667.080689428385,8667.26763474559,-26324.901217882285,35498.77125334458,-298.52816551025677,44195.61407757728
6.300000000004446,275682.2577907145,57.49550029922392,-1.6815761856076212,-8804.82281674871,8805.010698153174,-26751.03209093639,36063.39216545992,-317.6639047809942,44903.083221160494
6.400000000004657,254027.33476515664,29.389135909027065,-43.35126753441172,-8246.228953285865,8246.395273312844,-23155.478642370796,32846.339318999744,-348.41772674058376,40189.29699221505
6.500000000004868,242329.9705684888,28.110422082877793,-69.80618877082226,-7138.221909743117,7138.618573124429,-25473.660710900538,25852.444585445788,-280.71411583388743,36295.11098581256
6.600000000005079,247069.78537627775,45.896369455076155,-77.21117587721173,-7156.724574666864,7157.28822111071,-25778.60389815517,21078.31705638895,-504.06176257763417,33302.94201910892
6.70000000000529,240498.8940002685,29.041382604764742,-72.08719309104143,-7301.9612655938345,7302.3748390194305,-26452.843974081145,21604.633846482302,-396.0659404000477,34156.55173150233
6.800000000005501,229975.058884377,26.27181924904022,-47.793306665809496,-6425.849851026364,6426.081287735494,-30005.872042577677,18822.206879771777,121.2101770872671,35420.933369513325
6.900000000005712,232096.8434060574,22.50932272896995,-55.35774234782052,-6611.240642712686,6611.510718822409,-30182.817196929787,19375.661762926615,118.43773013898443,35866.87538928555
7.000000000005923,202070.54552419498,20.013604082065658,-59.26518350194483,-6374.115198222241,6374.422128046716,-29198.0915785601,21534.956480314704,512.9432641738964,36284.23918495869
7.100000000006134,176207.10280619786,-47.50537869879449,-41.15121578943347,-5325.239751800697,5325.610631441677,-23644.575582619385,14571.491012381175,311.2177985480641,27775.729717223257
7.200000000006345,149101.48961175696,-66.77956892591573,-92.259176258639,-4365.802693329553,4367.287994111842,-21238.16706330046,11535.732359266134,950.469653981679,24187.52268911433
7.300000000006556,117988.39788586095,-114.01763315009035,-34.380807515914455,-3043.9172008110295,3046.245884032976,-16509.485982498558,7111.519189650484,538.7642030263005,17984.079055029368
7.400000000006767,108077.35663020964,-118.91749540278794,-41.74618715493727,-2987.2516527442394,2989.9091209730836,-15392.52580589755,6728.658812425629,255.11041624697353,16800.886328516506
7.500000000006978,79284.59852838253,-134.15979436863074,-39.876129428352876,-2568.474913427505,2572.285430707418,-12775.654223003196,5902.523089380004,-1086.487051433059,14115.154046603075
7.6000000000071894,55251.58077432661,-108.7533501113241,14.30657379020442,-1056.9770213656204,1062.65346793251,-4568.213752579715,1855.3811567019911,-613.8487305079086,4968.68457339057
7.7000000000074005,50889.92529913824,-122.87159859860947,9.316610864375907,-1147.1224422396376,1153.7218583653544,-4847.883555439004,2325.9044215327312,256.9356523744763,5383.105263197305
7.8000000000076115,27300.22292332706,-147.416896789861,-4.886588766022919,-1028.8396381252246,1039.3587548034432,-4346.217321885271,2641.3679148795545,1160.407072775878,5216.605605694092
7.9000000000078225,18396.703050892072,-179.09503932482403,19.722913133078492,-388.61378447680636,428.3511408863071,-388.8744252711132,1011.8869559225598,1677.5559554458428,1997.3313480361685
8.000000000008033,9744.52136742224,-183.5028952758365,3.3329663003981245,-407.0473432645506,446.5108743330929,-2432.383081036902,1134.6663008919054,1226.9183204652718,2951.149544226387
8.1000000000078,4851.574049187777,-155.6552592116352,-7.675530724899533,-97.09806374800557,183.61782995058508,160.03566293925542,159.775747721469,885.8018750032808,914.2125927439904
8.200000000007567,3281.98564906704,-163.684623096654,-4.187241988492892,31.045197467208794,166.65531230519434,716.1261444599905,-508.8808706595243,1006.9940217678474,1336.3507605335176
8.300000000007334,2218.6114433219923,-172.7984147934008,4.142328659991618,103.21000703159237,201.31755162752435,627.4721573325619,-940.5418871510196,540.8058808117507,1253.320130865915
8.4000000000071,1676.2147862292127,-152.75704162492093,7.322373937205673,156.14829040365558,218.56490917358727,837.102206877657,-974.9921979855325,348.22803320919024,1331.3950029967982
8.500000000006867,1263.4463932142614,-144.5172045446169,-0.9221679828747951,89.13847311498765,169.7991171721769,563.8740628975455,-1143.4232947159055,325.4551885489397,1315.7856472317167
8.600000000006634,1093.961465183731,-146.67480808696482,-1.7979707708327526,0.7709737982251403,146.68785371269934,90.56808973764612,-793.1501952214902,410.5875522126591,897.7037089656015
8.700000000006401,983.956928740982,-142.47133429854944,-4.0525521325849585,-120.23770970261249,186.47147532565418,-400.64983468883605,-301.3298991007271,223.75366872431246,548.9860675789828
8.800000000006168,989.2219356923927,-137.00549483187882,-5.605672585398032,-190.26591733905283,234.52728728259734,-708.1317483251388,42.88122991012843,219.029638175819,742.4711140940456
8.900000000005935,946.698567887241,-122.38555870840354,4.268834839492163,-171.56682711682495,210.7881023639367,-622.3952724017372,141.11994192665236,394.28913734444404,750.1697387559966
9.000000000005702,936.6971422229519,-105.9842068293911,13.573226361072395,-150.91529138776212,184.9116268539034,-752.4706671828988,245.16422246559506,477.61594303985413,924.3563111666874
9.100000000005469,970.751226080413,-103.12782062718267,21.291418017573452,-182.2646239858199,210.49718531420731,-861.6047060335364,477.1726081420743,473.23859943180145,1092.7081675417364
9.200000000005236,1076.4944944074912,-96.31817382764883,31.018374403938267,-223.32739368011687,245.1824931109682,-1055.7380507266246,661.0220687865029,388.86747416929023,1304.8949841430324
9.300000000005003,1130.3280371007045,-76.94060321592393,37.524568553403384,-220.2770129071843,236.32585995540384,-891.1475325759186,671.6564891085967,249.47324836275732,1143.4610906482565
9.40000000000477,1264.573642493714,-63.075918327686715,46.419238515972914,-197.87770956430606,212.81190079433915,-731.1099095799333,516.6625771150776,189.54589438394393,915.0899215678103
9.500000000004537,1429.2921694944976,-50.72864181963147,35.27409091696752,-235.3678159260833,243.34269120871,-956.2418155352625,905.7011032365202,115.16535287523658,1322.102854049148
9.600000000004304,1053.8739742437851,-60.889313662714855,15.963946731970054,-249.01644744970667,256.8492694442602,-964.2559833553103,935.0822663709637,73.14187264199576,1345.1833257409758
9.70000000000407,873.9552318786673,-96.25127002395965,-1.6425771852079505,-128.98154027534957,160.9448438839722,-484.33052466578124,157.80363222265584,133.21422097959567,526.5207233688858
9.800000000003838,750.2559752403442,-94.53205769589177,-26.0611409096916,-46.8750637539715,108.68654286374695,-122.68154217575209,244.20647497697567,58.66253433836771,279.5153951865644
9.900000000003605,669.5729628638102,-69.38693929463389,-33.8827205676659,-84.97988318527277,114.82232641749751,-276.1964318852604,552.9491158308371,-23.869336567857705,618.5522927873143
10.000000000003372,612.8795466354366,-37.53180297750733,-32.32385670276141,-127.08371171166554,136.39551946195593,-493.84337355684085,824.9948268386801,-145.39614900186288,972.4390891264898
10.100000000003138,263.2213187891714,-6.2019325814264485,-29.456180774689038,-103.76585681434639,108.04389660684751,-432.7158233467135,322.99930176883316,-208.85609611044234,578.9580309489387
10.200000000002905,232.0232638638538,-16.79002624897033,-14.416007841598754,40.31207134325762,45.986838981539506,311.14583413325533,-230.77574633298238,15.166614759789224,387.6844095360247
10.300000000002672,229.4410642859211,-2.6762723714250307,-8.970711423868977,17.4799514816775,19.828888043916777,180.08139298198037,-113.3724091964463,-64.22658983215744,222.2783527624881
10.40000000000244,196.47862273509983,-0.1613335010821118,-7.118449414135483,-14.987267777340502,16.592665427528097,36.881619712771126,36.72433720752924,-56.781784413508795,77.0266308308495
10.500000000002206,174.01815274116396,-1.4852112279109864,-8.1498300366771,-39.4767012803695,40.3365284326473,-86.38917394183392,152.25565549130866,-81.50277341986379,193.09991216613787
10.600000000001973,166.9090557085696,2.764064213575789,-12.980081809812507,-27.258856513198566,30.317780808847864,-53.17856951717461,96.4569653427821,-151.79097432384444,187.54307853187663
10.70000000000174,110.27293201496985,6.452927493035336,-9.330027394907724,-33.88244127667952,35.73107207022672,-99.43828828490051,175.78236384025666,-140.54994325081148,246.0522285249733
10.800000000001507,74.09858072226712,11.170449588481379,-12.331847134781938,6.460236716318843,17.84903516146762,64.95815827515243,-29.486579620763557,-117.53579277355125,137.4906661818851
10.900000000001274,76.09934400906708,13.791355619530108,-10.984898778837012,4.030977713628557,18.08641126186756,37.77423625037445,-13.331852696762203,-86.0673334313417,94.93269776325235
11.000000000001041,70.1324635763031,13.093477922043862,-6.671752582562197,-20.906664517440664,25.554648654653576,-64.640231339502,139.00134502416958,-51.71105129172051,161.78308394837674
11.100000000000808,60.367901521608566,12.612746300272955,-3.133613557336459,-34.07882528131659,36.47282873203386,-120.4495111643273,171.81064372318454,-63.822454009295036,219.31777782949797
11.200000000000575,55.39836185608801,7.708899527658514,-14.066474828290492,-4.359367529735142,16.622181904965807,31.984142759063253,-3.3852582196923464,-109.49018052531352,114.1163660160622
11.300000000000342,55.026203308763094,3.096431883622119,-22.58579539574149,0.7492750639711587,22.809372134929493,62.88148125703556,-32.23141808625548,-162.7879621315178,177.46229349318796
11.400000000000109,44.62966002926366,-1.107289329869876,-18.126326606015862,2.6006150519928393,18.3453810136681,72.3650044591,4.3288646946323235,-107.00453279725377,129.24938289627752
11.499999999999876,39.54251080717354,-1.8154714764230004,-8.794547888471996,-6.431454867191333,11.045524928814014,12.801148989460057,15.328595559406512,-40.196862855596024,44.88455236165118
11.599999999999643,39.54195240785327,-0.6343954456867227,1.0173579192166324,-6.8471322635365865,6.95130886608159,-35.4564600322162,-32.403765425561254,15.961148015843216,50.61544050736494
11.69999999999941,23.836469216542408,-2.3849044642124353,10.919843536827573,-2.6084567303223274,11.477578084516749,-50.82808207493279,-15.051107302584445,58.93204026058609,79.26547248156258
11.799999999999176,20.42683145520266,-4.952540820692063,13.491548181316784,-5.378403650824885,15.345251993389352,-65.62917294039094,3.3467501972805174,87.59052491921892,109.50109192764724
11.899999999998943,19.640462936865127,-0.781641397914751,6.096904750828474,-3.30016728932686,6.976697997846255,-35.72243215365925,-17.745364098298094,46.57736567248491,61.32243552683089
11.99999999999871,20.614825010100606,2.189433816835653,-2.237518006365498,4.480549503661006,5.465842215237306,17.282414234561045,-40.69053375102536,-6.608313868531244,44.69978960692449
12.099999999998477,21.885210235298867,0.9412783764270137,-4.010831379175022,-2.9728791123544713,5.080431433527825,-5.2635757713252325,-2.4469243713399553,-17.359027924665988,18.3037842881977
12.199999999998244,23.549016017518497,-2.0950363175115627,-0.6672541612053358,-6.972897654245869,7.311340983973171,-25.131476577649476,19.002838878977258,7.650820958033568,32.42273988677082
12.299999999998011,25.555435129052718,-2.8021367882578305,0.8940132035746481,0.2559368451146914,2.952411532452916,-0.6833004427277013,-16.605992860054567,14.409965033811684,21.997113234215316
12.399999999997778,27.854035896146186,-0.6966075473520302,-2.2074854638748307,-1.1335070481280025,2.5774197128916247,1.2257574037264194,-3.4998292249278022,-8.320000661474939,9.10898989039906
12.499999999997545,30.38857520810131,-0.2093466779357283,-4.270701215978664,-5.336398563694969,6.838118494025245,-6.327922230798013,16.948995709421894,-18.498683162398127,25.874936406874927
12.599999999997312,33.16181705273745,-1.2242992266861414,-3.600930724241836,-3.270132307550623,5.015912278553073,0.9952850788522778,4.537803216802858,-13.206371588750235,13.999660744559554
12.699999999997079,34.4993809363596,-1.039784570326991,-2.0778155081133867,-0.7187113937415769,2.4320804480815466,2.3967247899158926,-5.989455234680622,-7.991320239084174,10.270300038968522
12.799999999996846,36.64344704482296,-1.19428164257415,-0.062023811586077754,-2.870993701330112,3.110106176333929,-13.276966522340476,4.386819999463239,2.1608177007937703,14.14889263791001
12.899999999996613,3.090362775014866,0.7714306446055977,0.40653463846846377,-1.4872545658545635,1.7240364831889547,-3.1938513234849135,10.371632100541968,-5.242021388781013,12.051980208495056
12.99999999999638,2.961813820294397,1.522724581208244,-0.4404737973966996,0.7413289561820143,1.7499359810241075,5.885375435237613,1.8234640491691236,-13.175242941052076,14.54474790802691
13.099999999996147,1.1092833459789515,0.6667491507890781,-2.3446903148253004,0.6907836112951515,2.533635549984941,12.208960071777074,0.0020814650370136133,-17.898150638123333,21.66569884937244
13.199999999995914,1.010369398406743,-0.20768598232533628,-2.3420306498545744,-0.8681517362969462,2.5063775592173023,7.265181279598307,4.241914018286282,-16.43714111769543,18.465002076549926
13.29999999999568,1.1549377134277075,0.2125970469592118,-1.8694282415653651,-0.33593760006647294,1.9112335089874215,7.6539826270704765,3.2606648031500445,-17.80334326439034,19.651320983682268
13.399999999995448,0.9954117003166966,0.44468754524980175,-2.2894029589768827,0.27459563165965684,2.34830059455747,11.210067446601608,0.4985599804105996,-19.325367582511422,22.346901494628007
13.499999999995214,0.7692534468342468,-0.030974055382414985,-0.6940540258759996,0.24582794270660907,0.7369543814625703,2.7338140534598385,-2.1946709882067283,-4.360271186575431,5.594844488084608
13.599999999994981,0.36986061258523395,-0.01848623602618937,1.827180507680968,-0.7931629998330673,1.9919934469962208,-9.201096560416723,4.037035778547679,11.217403980207665,15.059481659292436
13.699999999994748,0.1093369620843329,0.1605794612677652,1.1453084039724768,0.015479627363238893,1.1566143360923435,-4.920202405207766,-0.0051530645633653515,8.03410721649639,9.42100297359289
13.799999999994515,0.007094459802892185,-0.11557734340760442,0.11953537049085629,0.03459899992659157,0.16983497255708518,-0.5587040962815044,-0.6437772530770643,1.4743996106673216,1.703071821949131
13.899999999994282,0.008817853593991206,-0.0010969822491529169,-0.549554512449282,-0.049443935502015604,0.551775378466048,1.7331633461784828,0.30778584054635916,-3.5762639822791575,3.9860069466979864
13.99999999999405,0.011070730592082773,0.005048063564543881,0.013677692866760417,0.0722835983585625,0.07373927596316013,0.4519413168390426,-0.4074155556859984,-0.15422585022297405,0.6277133117579538
14.099999999993816,0.02353106790952798,-0.03316630118636521,-0.010964651059071144,-0.04898663454560884,0.06016574998565976,-0.27384987467728145,0.11456892933810289,0.2753389229360122,0.4048843241149319
14.199999999993583,0.020861332706124978,-0.018383636769287687,-0.03803631890094405,-0.02835139162236562,0.05087751038842372,0.024994573488924504,0.09111982010372764,-0.09434007063761694,0.13352003313188432
14.29999999999335,0.0011111637163348034,0.013914601289106085,-0.004236320290585194,0.005522086488463727,0.015558148277519732,0.023068728592637998,-0.020785561651172943,-0.05864924186309086,0.0663621833814322
14.399999999993117,0.003146023456616458,0.004323749637347341,0.015661734132140618,-0.006732478186190933,0.01758723939337429,-0.07632453733354733,0.02429199387600627,0.04566380488355303,0.09219934404373596
14.499999999992884,0.0007320389857487787,0.0008395328598143503,0.0011454084281579155,-0.0025455739572998793,0.0029149138344188867,-0.008071093560217563,0.005207475815012511,-0.0023423329396562364,0.009886702140851834
14.59999999999265,0.0006263167947431308,0.005418733964245852,-0.002383967372105884,-0.0014482610341787338,0.006094541675110398,-0.0015904084883926384,0.008172917501142954,-0.02563424649268457,0.026952561527397563
14.699999999992418,0.0006269036327501635,0.003928521824715097,0.0001371904047777479,-0.00036496161166654344,0.003947822426657025,-0.0005456836088667174,0.002130372271561898,-0.00854512873266042,0.008823575333965494
14.799999999992185,0.0006248375810204614,0.002618614044086178,0.003751218319339241,0.0003822837299461115,0.004590742776655342,-0.0005405477602708474,-0.0008823524378718159,0.013663745621213265,0.013702871308852638
14.899999999991952,0.0006238254701920089,0.0021331523729030987,0.0010037830809491595,-0.00032584876712842426,0.0023799363307998433,-0.0011639300344896118,0.0023757889150582043,-0.0044993800236506,0.00521953318710845
14.999999999991719,0.0006200586314498601,0.002108792408356377,0.00011638820115493953,-0.00012870484862732417,0.0021159197936050774,0.0017577111285997356,0.0011463866527706228,-0.006588598911726915,0.006914722437586563
15.099999999991486,0.0006255360307838688,0.004218863697929781,0.0010826660828509842,-0.0011425342128220707,0.004502928066950946,-0.0014813417466115774,0.007805877293795272,-0.00813270825132214,0.011369566271286081
15.199999999991253,0.0006349713945600446,0.004240601175304948,-0.000197043984315849,0.00048411442945425504,0.004272691357980188,0.004466223375904473,0.000789490158860333,-0.01925257751703255,0.019779590162684362
15.29999999999102,0.000627878147074171,0.002065049600969813,-0.006408361518625402,-0.0012709008368246009,0.006851767373817205,0.0024270706957037367,0.006504730322153325,-0.043353269066708736,0.043905673067342096
15.399999999990786,0.0006277792338679783,0.0026035491977196147,0.001672858116983344,6.859081421539893e-05,0.0030954203921758736,0.0021963775190582905,0.0018762957251314476,-0.00913063968883862,0.009576697811968706
15.499999999990553,0.0006210200570124405,0.0008317062052078189,0.0008946921689264134,-2.66286739741238e-05,0.0012218503898583741,0.000442268849550559,0.0012153399194492975,0.005507593380106405,0.005657405562241556
15.59999999999032,0.0006239853514817804,0.0005002915894233041,-0.00026879582700917116,-0.0015532157906322898,0.001653790241637291,-0.006125264954242497,0.005766759466501766,-0.0028973225142689208,0.008897688646825571
15.699999999990087,0.0006294460577249152,0.003724525284600864,-0.0006889203011091339,-0.00035896931445497296,0.0038046759054657627,-0.0016914069372673762,0.003276466189707967,-0.013882945573013178,0.014364270461912845
15.799999999989854,0.0006361846232038833,0.005144856694613548,-0.0009164741282095658,-0.0009184773433986527,0.005305947216673378,-0.00014472169851552724,0.008332362972777238,-0.011651721407237088,0.014325216537002064
15.899999999989621,0.0006345652146186008,0.004575563876621432,-0.0001858514061689133,0.0009060825412494158,0.004668116440897218,0.0030147717753430643,-0.0041403467002662925,-0.010512398945810894,0.011693667143017932
15.999999999989388,0.0006398620386336597,0.005064386184562901,0.0010645568331315272,-0.001156943104690006,0.005302811143615088,-0.003874985457563492,0.006462017796903024,-0.007595437570338497,0.010698778350294464
16.099999999989155,0.0006304243733693411,0.002241870855486815,-0.0017444328451695404,-0.00032381093419828454,0.0028590005955042835,0.001800206353492823,0.0034812147755997535,-0.018637477134424724,0.01904508212545208
16.199999999988922,0.0006274706966643825,0.002745060564092532,-0.0009825414272498579,-0.0009425088937290286,0.003064158640076671,-0.00182505730134641,0.004706195152109161,-0.010623318162589731,0.011761547336406995
16.29999999998869,0.0006349146039101599,0.004146396854179064,0.00010636294855203634,-0.00045706147928107005,0.004172867736343116,0.0012691067577830797,0.00624772731231035,-0.010382806607883498,0.012183899276846826
16.399999999988456,0.0006366087625125637,0.002816954039637923,-0.0014072442833836523,-0.0011179316539373075,0.003341457424152429,-0.0030505560812062603,0.00748268271456392,-0.014011440488630473,0.01617457565371814
16.499999999988223,0.0006349880558893766,0.0022712250653502525,-0.0020494859252203563,-0.0011729109997022217,0.003276366290324399,-0.0007851752292521952,0.006463638479497118,-0.0221458002857774,0.023083145210993354
16.59999999998799,0.0006174066338799378,0.002316440322573609,-0.0011937381787506288,-0.00042649468926399394,0.002640606810455162,-0.001389493314359461,0.004166401053723895,-0.006689172123169439,0.008002163026614014
16.699999999987757,0.0006501045444840465,0.002250773880417855,-0.004878421171511573,-0.0018580097670054673,0.005684819828430036,-0.0012309257476135192,0.010881230609438275,-0.025154761783604977,0.02743498493095682
16.799999999987524,0.0006650326461317291,0.0035438812814951003,0.00018238860273720614,-0.0024096915057688667,0.004289402440050876,-0.005152332667044047,0.012855660241281456,-0.006837572312745385,0.015445611910286245
16.89999999998729,0.0007129066300327929,0.005833033725717143,-0.003050706267723097,-0.0021356339301682836,0.006920406307505698,-0.002022874179427948,0.012486321032932469,-0.02646456788705264,0.029332125499725824
16.999999999987057,0.0006172146079458417,0.003642072141690702,0.00021763834879768998,-0.0003429438602221358,0.003664650928452933,0.00015857973375425766,0.004273552048520045,-0.008749015229404623,0.009738257653590886
17.099999999986824,0.0006050988068664183,0.002378685486887758,-0.0009603886316352647,-0.0008558480352437851,0.0027042497718841275,-0.0010176422090828338,0.004391442596454804,-0.010441549169762327,0.011373052044558182
17.19999999998659,0.0006055866848522718,0.0019346086904386238,0.0003496074135222078,0.00027045365043241293,0.0019844599531717824,0.000762225045020657,-0.001878805653321552,-0.009443682785224223,0.00965888410998652
17.29999999998636,0.0006017615024936631,-0.001760252111071338,0.0014775033832569906,0.0007281565136485023,0.002410750018238245,0.0017450281738141508,-0.00430013248874091,0.01584568182823185,0.016511265710104944
17.399999999986125,0.0006387573773370004,0.0020080520540742782,-0.005456959200622496,-0.0018096139003004638,0.006089776616370349,-0.00227767316529726,0.005284094122785309,-0.026042325362977854,0.02667043599301611
17.499999999985892,0.0005991391166983929,0.002340721602802629,-0.0028291469703474884,-0.0008323521063172012,0.0037650843590209186,-0.00041305659653226914,0.004443852913353488,-0.024930260545499905,0.02532659344116315
17.59999999998566,0.0005987917248168248,0.0014455159676207052,-0.0011300971620252051,-0.0001006156031038889,0.0018375961220713885,0.001309051481948442,0.0008797636188393321,-0.005989165270974632,0.00619335938328088
17.699999999985426,0.0005995737282204174,0.0023914737151387844,-0.0001245419014819988,-0.00046556111403499577,0.002439550033577085,-0.0024413661180086896,0.0025496253549711478,-0.005658859347635424,0.00666959872025247
17.799999999985193,0.0005990087082687396,0.0006325129521267141,-3.0534967095465785e-05,2.536285451305124e-05,0.0006337572825716658,0.0005135667193263457,0.0008514238613523664,0.002630487097711097,0.002812140774944304
17.89999999998496,0.0005981156980552338,0.002523321059941615,0.0004531261291118531,-0.0012569935274738251,0.002855259215647479,-0.003930815250219584,0.0062784300009728474,-0.005080426748930357,0.008982245140259857
17.999999999984727,0.0005993556910670452,0.002018599373446753,-0.0018640712077559187,-0.00047799940537584384,0.002788904503493064,-0.001574061403617152,0.0035131214901754242,-0.007991743616684883,0.00887060640215274
18.099999999984494,0.0005987304107696136,0.002339043267401208,-0.001036160096661235,-0.0009853290674873825,0.0027414639381037813,-0.0024358829993991805,0.005705653396186004,-0.008544605429882965,0.010559275004305754
18.19999999998426,0.0006060864288080092,0.004203012516670548,-0.0033339925244950147,-0.0011932734464525667,0.005495882266450649,0.00046813675827696267,0.008933302408971486,-0.025280149648911423,0.026816207976258354
18.299999999984028,0.0006046690632136513,0.0026804075137487563,-0.001418334408149971,-0.0010355700234008598,0.003204475340281054,-0.002403629959972199,0.007089933211256196,-0.010495692908976692,0.012892019219815537
18.399999999983795,0.000602940259091341,0.0021965636452811466,-1.9546142150789748e-05,-0.0008026644141033999,0.0023387056379783524,-0.0024099347292199083,0.004561499295307124,-0.008946249330609682,0.01032716990785093
18.49999999998356,0.0006053260706541557,0.0038652051811085973,-0.00270796157722374,-0.0008845575905011086,0.004801594435882935,-0.002356087581311004,0.006258476906715096,-0.02284491666879047,0.02380356904933953
18.59999999998333,0.0006086437198580101,0.001083379562732042,-0.00040367870539824473,-0.0007468199938165303,0.0013763749043416897,-0.0011376878140324678,0.004462479686195842,0.002959179097104792,0.005474011275166544
18.699999999983095,0.0006391568550976036,0.0077281401764503575,0.001271719138415312,-0.0042068378889016204,0.008890382735145669,-0.02506851189283187,0.029932707283947556,-0.029900903508838436,0.04917785359806187
18.799999999982862,0.0006136860340517717,0.00023979361922151445,0.00011853644434973671,-0.001584822436574306,0.0016072380109765172,-0.0032959188290702943,0.007150505976081728,0.008086752549509347,0.011286646244070758
18.89999999998263,0.0006157876989265563,0.0013186622527637654,-0.0005321402856751092,-0.0014899654795445633,0.0020596214581172084,-0.0035233121875908233,0.007973474821869487,-1.4687155727667622e-05,0.008717238394053247
18.999999999982396,0.0006352153663387577,0.003396645466865139,-0.001646820708853584,-0.0012582641570162048,0.003979000824769483,0.00047733027182109226,0.01026353667490323,-0.011597672378016675,0.015494322632928857
19.099999999982163,0.0006438540212731321,0.004253048374665992,-0.003178179119192155,-0.0007970917856851458,0.005368854468666924,0.00399993208995637,0.0075894470404556606,-0.02380690271268964,0.025305489125397543
19.19999999998193,0.0005968082188155845,0.0018551270782261424,8.412089679458827e-05,-0.001515898028476931,0.0023971899454122603,-0.002486007974246912,0.007232800739358189,-0.008705223237577393,0.011587689752463045
19.299999999981697,0.0006013313562028111,0.0027191957765778734,-0.001314420598628517,-0.00025572002450609954,0.003031026214401864,5.079983839668425e-05,0.0021982971747932433,-0.013632441917264789,0.013808640907775217
19.399999999981464,0.0005955709237281593,-0.0005741165891004988,0.00016744665848253894,7.730508324341203e-05,0.0006030127007059054,5.844459003448469e-05,-0.0007998979723152095,0.0071194826538917705,0.007164515740458953
19.49999999998123,0.0005984336273013147,0.0021803970776049725,0.0003227907534848658,-0.00021309059302846944,0.0022144373749105792,-0.002128102583320017,0.0017250770643771581,-0.006465342612186084,0.007021778020994584
19.599999999980998,0.000605123070355487,0.003370722041218176,-0.003986021993867707,-0.00047917298992015847,0.0052421126627553655,-0.001853545072603287,0.0020682407276535527,-0.034196064638660664,0.03430865905008756
19.699999999980765,0.0005991247504599801,0.001207349203429327,-0.0007061333689747764,0.0004231926882133764,0.0014613036936784777,0.0015668006287152337,-0.0022395973513775207,-0.007313671850616341,0.007807717748800703
19.799999999980532,0.0005993367006915407,0.0013051343385992176,-0.0008718766445243767,-0.0008143898971868074,0.0017682690490131421,-0.002160763681312477,0.004335156958330243,-0.004676544787898996,0.006732945617860242
19.8999999999803,0.0005975197362771207,0.00041298271580498353,-0.0022352030791379174,9.222404467446767e-05,0.0022749050096558766,0.0018229575473061035,-0.0005552445729274043,-0.00796358565955967,0.008188416654774598
19.999999999980066,0.0005962685107687478,0.0024480842494959644,-0.0013610482688013214,0.00044970661307527264,0.002836865333511784,0.0020341297213764967,-0.001260711437694279,-0.01407159434623922,0.01427364159903253
20.099999999979833,0.0005998139465858188,0.0024654428549659604,-0.001740833550036269,-0.00013328679831996323,0.00302103877675229,0.0006835909279370646,0.00010077390274745454,-0.01569579462509783,0.01571099681272588
20.1999999999796,0.000595836229008405,0.0011575278666871717,0.00020637493015666323,-0.0004564337444957353,0.001261266481386436,-0.0014048631402494623,0.00204737342816063,0.0008953404931127761,0.002639509991603976
20.299999999979367,0.0005944373418694807,0.0009806697691318704,-0.0007839236129773104,-0.0001373819730660979,0.0012629818817370619,-2.1959651870652874e-06,0.0003860602707109282,-0.002010131129355688,0.002046869441876856
20.399999999979133,0.0005960142526676091,0.002289391835731145,-0.0006152017411795534,-0.0005788956021202627,0.0024402680750312982,-0.001656912608116382,0.0029284035555317864,-0.00869450742217452,0.00932284109535468
20.4999999999789,0.0005982703618831923,0.004028872139466944,-0.0025116152366554266,-0.0006907525648484803,0.004797620339190816,-0.00010369038548549997,0.0050644941643990605,-0.02589548346105656,0.026386282734010263
20.599999999978667,0.0010997090210977552,-0.007842924098471406,-0.008967008757906849,0.005812965613465805,0.013255537473150513,0.030364140483782644,-0.029893772226955835,-0.0004167284317922736,0.04261211456689128
20.699999999978434,0.0006158991125795317,0.0008170102451070809,-0.0018735194779480172,-0.0022073431468870473,0.003008312607255063,-0.00854347613312907,0.0061037994211106525,-0.009996670098533243,0.014497612385127609
20.7999999999782,0.0006026882595549656,0.0018177178063640983,-0.0007874150546567566,-0.0011007754484497348,0.0022662363247867435,-0.006219173134265308,0.004971366370702035,-0.0028875958469164404,0.008469404219946262
20.899999999977968,0.0005986337039140918,0.001801751589161046,-0.0002576152693845131,-0.0003281239511139595,0.0018494160546937636,-0.0009511955145298454,0.0010125454475125853,-0.004634507786097882,0.004838252123395601
20.999999999977735,0.0005982587962606888,-0.0013292875531877918,0.0017407481723902135,-0.0012540491916803013,0.002523855973286485,-0.0075806151210277666,0.0029870996200680885,0.01711138226831706,0.018952252976515517
21.099999999977502,0.0005946982669033567,0.001929399023199878,-0.0013200144699049776,-0.0006259125255317702,0.00242007960222401,-0.0006610745311169858,0.0024199497539392897,-0.014696669059386646,0.01490923397725098
21.19999999997727,0.0005945577352841162,0.0016249130626822933,-0.0016588741874555783,2.5525347070641755e-05,0.0023222526939213643,0.0015669432643920652,-0.00035477792773559036,-0.00836111726597362,0.008514074260140923
21.299999999977036,0.000592440160007493,-0.00024800039269388973,-0.0006100334055304212,-0.00010563787751146438,0.0006669365125740934,-0.00016243149593986794,-0.0003073755735715919,0.000989337384915045,0.0010486430256728303
21.399999999976803,0.0005917382558083794,0.0001817334768734068,0.0006316126107788571,-0.0005078786877755793,0.000830603580661693,-0.0018280716464148363,0.0019023557535954938,0.0018360381768153726,0.003214317897219758
21.49999999997657,0.00059429974671167,0.00244866215444203,-0.0017967068638729282,-0.00030784925913948517,0.0030526829294306845,0.0002717730364616016,0.002595566936700172,-0.013875913985667343,0.014119200304687133
21.599999999976337,0.0006129146106514215,-0.001299296761093325,0.003148845238912338,0.0017877496426557875,0.0038470049644917796,-0.0024637907865480606,-0.012838543171908051,0.0026932313788437206,0.013347357456695854
21.699999999976104,0.0005951170362026068,0.0016288192816350821,1.974127447064141e-05,0.0003262878801535084,0.0016612964066893723,0.001822110156945236,-0.0005090500497861327,-0.0018906266773007934,0.0026746376596002114
21.79999999997587,0.0005932835059176602,0.0007785723918977632,-0.0005760195788917653,-4.293495873355037e-05,0.000969441558513716,0.0016984580635650349,0.0008220124292139534,-0.004832820951114826,0.00518812322261198
21.899999999975638,0.0005968332615708864,0.0029362447576024428,-0.004880939619247836,-0.001175310022901477,0.00581605179595434,0.00012674879652143687,0.004735257702912871,-0.02854944774782213,0.028939759803357754
21.999999999975405,0.0006022321436951354,0.0014464069210047591,-0.002528746040687794,-0.0008900295690363312,0.003046112629760045,-0.0006789389767034612,0.005047077864591056,-0.015655602861875978,0.016463045103324945
